,wallet_address,contract,tx_count,rnk,contract_name
7,0x00000000000030e5959659622cb7eb50aa20ee52,0x63756a3c3bf677baab9d9e06457402ed05be8570,617,1,Blur Marketplace
32,0x00000000000124d994209fbb955e0217b5c2eca1,0x63756a3c3bf677baab9d9e06457402ed05be8570,1753,1,Blur Marketplace
174,0x0000000000ea39366718bfc07b48016b2c12f939,0x0000000000fec33c7a7e8330012782cea32ffd1c,28,1,
175,0x0000000000ea39366718bfc07b48016b2c12f939,0x7547042ec75e410f1cea4da0e37676241d04ceac,2,2,
176,0x0000000000ea39366718bfc07b48016b2c12f939,0x4e59b44847b379578588920ca78fbf26c0b4956c,1,3,
679,0x00000027f490acee7f11ab5fdd47209d6422c5a7,0x93ffb15d1fa91e0c320d058f00ee97f9e3c50096,5111,1,Unknown Contract #2
1152,0x000000ffa51e8fd8dc15c5b77990234810a640e8,0x5079fc00f00f30000e0c8c083801cfde000008b6,4144,1,Unknown Contract #1
1153,0x000000ffa51e8fd8dc15c5b77990234810a640e8,0xbf5495efe5db9ce00f80364c8b423567e58d2110,1,2,
1154,0x000000ffa51e8fd8dc15c5b77990234810a640e8,0xcd5fe23c85820f7b72d0926fc9b05b43e359b7ee,1,4,
1155,0x000000ffa51e8fd8dc15c5b77990234810a640e8,0xf939e0a03fb07f59a73314e73794be0e57ac1b4e,1,3,
2103,0x0000db5c8b030ae20308ac975898e09741e70000,0xed0e416e0feea5b484ba5c95d375545ac2b60572,889,1,
2104,0x0000db5c8b030ae20308ac975898e09741e70000,0x000037bb05b2cef17c6469f4bcdb198826ce0000,853,2,
2105,0x0000db5c8b030ae20308ac975898e09741e70000,0x0000b831c452f5c4c0f765fefa2cee6d3b9b0000,641,3,
2106,0x0000db5c8b030ae20308ac975898e09741e70000,0x000012e3c4039ec46b89309d2117654ef7c20000,186,4,
2107,0x0000db5c8b030ae20308ac975898e09741e70000,0x0000b6309a76e88ece58534a382373be44090000,171,5,
2108,0x0000db5c8b030ae20308ac975898e09741e70000,0x0000ed3230b25edba68e544889ab27326fa80000,153,6,
2109,0x0000db5c8b030ae20308ac975898e09741e70000,0x000071202aaa262e9db6d7df45acab9925eb0000,153,7,
2110,0x0000db5c8b030ae20308ac975898e09741e70000,0x99a99b943970a57e0b7f96036dbd49ed0ec3fc9f,133,8,
2111,0x0000db5c8b030ae20308ac975898e09741e70000,0xc453f67f16d48e72f8ac4c1e33d5a961fa2330df,131,9,
2112,0x0000db5c8b030ae20308ac975898e09741e70000,0x0000e14e2b3b2783aa0d035573c58b4827f90000,129,10,
3054,0x00061d66a35202f80208abb42e6b8b14352d403c,0xdac17f958d2ee523a2206206994597c13d831ec7,2,1,Tether (USDT)
3055,0x00061d66a35202f80208abb42e6b8b14352d403c,0x9fdfb933ee990955d3219d4f892fd1f786b47c9b,1,2,
5743,0x0016b6bacd56a0d1dafda52d06b7efe65aa0816a,0xe6f24d2c32b3109b18ed33cf08efb490b1e09c10,696,1,
10533,0x0037825fd75af7eeace28889665e3fac8fdb6300,0x64545160d28fd0e309277c02d6d73b3923cc4bfa,372,1,Unknown Contract #5
11528,0x003e36550908907c2a2da960fd19a419b9a774b7,0xdac17f958d2ee523a2206206994597c13d831ec7,81,1,Tether (USDT)
11529,0x003e36550908907c2a2da960fd19a419b9a774b7,0x95ad61b0a150d79219dcf64e1e6cc01f0b64c4ce,5,2,
11530,0x003e36550908907c2a2da960fd19a419b9a774b7,0xa2b8a07f2a3a5f55fc2ab307c3fc3669e81926ca,3,3,
11531,0x003e36550908907c2a2da960fd19a419b9a774b7,0x514910771af9ca656af840dff83e8264ecf986ca,2,4,
11532,0x003e36550908907c2a2da960fd19a419b9a774b7,0x7707aada3ce7722ac63b91727daf1999849f6835,1,9,
11533,0x003e36550908907c2a2da960fd19a419b9a774b7,0x7d1afa7b718fb893db30a3abc0cfc608aacfebb0,1,10,
11534,0x003e36550908907c2a2da960fd19a419b9a774b7,0x6461ed1d5b31760e970b324d3eb295003b0a234f,1,7,
11535,0x003e36550908907c2a2da960fd19a419b9a774b7,0xbb99523b2b907138e84559add646f2c4fe1b9854,1,5,
11536,0x003e36550908907c2a2da960fd19a419b9a774b7,0xc83cc0253fe76c65a26700ebaa9414b2e8243d8a,1,8,
11537,0x003e36550908907c2a2da960fd19a419b9a774b7,0x7fc66500c84a76ad7e9c93437bfc5ac33e2ddae9,1,6,
15111,0x0058962144b9ae405ee629b930262c97daa66826,0x111111125421ca6dc452d289314280a0f8842a65,11,1,1inch Aggregation Router v4
15112,0x0058962144b9ae405ee629b930262c97daa66826,0xc4b1f0657543e7eee903a9a588f793bfe0e48d9e,9,2,
19256,0x00775ffa5d398a462e94bc584b245c4c3f0200a0,0x5c5708c6f9aaa28ddb9ec5bed1c972a612be5a90,59,1,
19257,0x00775ffa5d398a462e94bc584b245c4c3f0200a0,0xdac17f958d2ee523a2206206994597c13d831ec7,30,2,Tether (USDT)
19258,0x00775ffa5d398a462e94bc584b245c4c3f0200a0,0xa0b86991c6218b36c1d19d4a2e9eb0ce3606eb48,19,3,USD Coin (USDC)
19259,0x00775ffa5d398a462e94bc584b245c4c3f0200a0,0xac8b06051631dc9aeb3b14e1824b2526f4ee5f02,8,4,
19260,0x00775ffa5d398a462e94bc584b245c4c3f0200a0,0x9da583ab77632a8871c15cbcf00eefbb73d05bbe,8,5,
19261,0x00775ffa5d398a462e94bc584b245c4c3f0200a0,0xe8e168f3591ff9ef30fb9cf0685d7b20323f6245,4,6,
19262,0x00775ffa5d398a462e94bc584b245c4c3f0200a0,0x7dc04a62cb0c58bf2a07f95c9d307cfd8ed8fc32,4,7,
19263,0x00775ffa5d398a462e94bc584b245c4c3f0200a0,0x4e6b22c30ee388b9e1679a69ac97e15e15e04fef,4,8,
19264,0x00775ffa5d398a462e94bc584b245c4c3f0200a0,0xa6ea181248d2c825eabaeb0fbd2ffe8b70dd7d6b,4,9,
19265,0x00775ffa5d398a462e94bc584b245c4c3f0200a0,0x84960ce8f8f31b0a7ff44b67c748ebcce6194533,3,10,
21684,0x0087c5900b9bbc051b5f6299f5bce92383273b28,0x4a137fd5e7a256ef08a7de531a17d0be0cc7b6b6,210,1,
25205,0x00a2aebc7e233cd2ffe5ab5856f90f0ad2fa3ccd,0x4a137fd5e7a256ef08a7de531a17d0be0cc7b6b6,205,1,
28697,0x00bd181b9bd739597bfb018ecb55d3e669855922,0x3c3a81e81dc49a522a592e7622a7e711c06bf354,544,1,
28816,0x00bdb5699745f5b860228c8f939abf1b9ae374ed,0x1522900b6dafac587d499a862861c0869be6e428,14642,1,Bitfinex Wallet
28817,0x00bdb5699745f5b860228c8f939abf1b9ae374ed,0xffa397285ce46fb78c588a9e993286aac68c37cd,13714,2,Safe Multisig
30455,0x00c9b37df30acb68ad0b6ecb419425ff22f652d1,0x908ddb096bfb3acb19e2280aad858186ea4935c4,7,1,
30456,0x00c9b37df30acb68ad0b6ecb419425ff22f652d1,0x186ef81fd8e77eec8bffc3039e7ec41d5fc0b457,4,2,
30457,0x00c9b37df30acb68ad0b6ecb419425ff22f652d1,0x2710c63c673cd05c8dc97f7480e953ea046b6075,4,3,
30458,0x00c9b37df30acb68ad0b6ecb419425ff22f652d1,0xdac17f958d2ee523a2206206994597c13d831ec7,3,6,Tether (USDT)
30459,0x00c9b37df30acb68ad0b6ecb419425ff22f652d1,0x73fbd93bfda83b111ddc092aa3a4ca77fd30d380,3,5,
30460,0x00c9b37df30acb68ad0b6ecb419425ff22f652d1,0xa53db120a4af6361c9ef1f13e6d32368c93fb7ee,3,4,
30461,0x00c9b37df30acb68ad0b6ecb419425ff22f652d1,0x0d32f30bc6bdf7452a2329db0cf91209f3b11057,2,9,
30462,0x00c9b37df30acb68ad0b6ecb419425ff22f652d1,0x89d584a1edb3a70b3b07963f9a3ea5399e38b136,2,7,
30463,0x00c9b37df30acb68ad0b6ecb419425ff22f652d1,0xa0b86991c6218b36c1d19d4a2e9eb0ce3606eb48,2,8,USD Coin (USDC)
30464,0x00c9b37df30acb68ad0b6ecb419425ff22f652d1,0x4b5f49487ea7b3609b1ad05459be420548789f1f,1,10,
30623,0x00cabfd463a095cebd5812eb087c9cd545e2ae9b,0x3fc91a3afd70395cd496c647d5a6cc9d4b2b7fad,86,1,Uniswap Router
30624,0x00cabfd463a095cebd5812eb087c9cd545e2ae9b,0x881d40237659c251811cec9c364ef91dc08d300c,2,4,MetaMask Swap Router
30625,0x00cabfd463a095cebd5812eb087c9cd545e2ae9b,0x2ee497f849486d2aeb344072ac04564d7c6b29f3,2,2,
30626,0x00cabfd463a095cebd5812eb087c9cd545e2ae9b,0xd09e436189ff6b810589550af39e8643580e96a3,2,3,
30627,0x00cabfd463a095cebd5812eb087c9cd545e2ae9b,0x85fc5e6992c0f6affda00df8a0304cc02ca1bc47,1,6,
30628,0x00cabfd463a095cebd5812eb087c9cd545e2ae9b,0xeff49b0f56a97c7fd3b51f0ecd2ce999a7861420,1,9,
30629,0x00cabfd463a095cebd5812eb087c9cd545e2ae9b,0xb17920f6b9b8448d872c2b4312aba91b5e298a61,1,7,
30630,0x00cabfd463a095cebd5812eb087c9cd545e2ae9b,0x66e564819340cc2f54abceb4e49941fa07e426b4,1,8,
30631,0x00cabfd463a095cebd5812eb087c9cd545e2ae9b,0xb74f3f47b49f3457938f4a486fbae6f99929af7e,1,10,
30632,0x00cabfd463a095cebd5812eb087c9cd545e2ae9b,0x06300ec3962add8f1b975ceb2568f52b55d63a44,1,5,
31734,0x00d2f4eb459bd4f7b175fd0cec578229bfa3bde7,0xd1742b3c4fbb096990c8950fa635aec75b30781a,703,1,
32551,0x00d7ce31887a509ef93fd846d6b7caebf81783d7,0x6774bcbd5cecef1336b5300fb5186a12ddd8b367,1,3,OpenSea Seaport
32552,0x00d7ce31887a509ef93fd846d6b7caebf81783d7,0xd2639676da3dea5491d27da19340556b3a7d58b8,1,1,
32553,0x00d7ce31887a509ef93fd846d6b7caebf81783d7,0x36e66fbbce51e4cd5bd3c62b637eb411b18949d4,1,4,
32554,0x00d7ce31887a509ef93fd846d6b7caebf81783d7,0x4790a39d5615bfbdad0e91a58c8b7391d48ffb9a,1,2,
36481,0x00f4d759c49d9c1912a156743bc0eff14659cae7,0xdac17f958d2ee523a2206206994597c13d831ec7,8,1,Tether (USDT)
43094,0x0124d0fa0dfb1430dfcff16ec6a96945e7a0bc10,0x64545160d28fd0e309277c02d6d73b3923cc4bfa,1569,1,Unknown Contract #5
47159,0x014435b1e39945cf4f5f0c3cbb5833195a95cc9b,0xdac17f958d2ee523a2206206994597c13d831ec7,803,1,Tether (USDT)
47160,0x014435b1e39945cf4f5f0c3cbb5833195a95cc9b,0x59f6960e52479044600835c921f69a6a803477cf,10,2,
47161,0x014435b1e39945cf4f5f0c3cbb5833195a95cc9b,0x63ab03ad2731db7f7fc516f4e3852cbe15177298,8,3,
47162,0x014435b1e39945cf4f5f0c3cbb5833195a95cc9b,0x0073b40ccbf8a7271d2f6420523eb24d4daecd91,6,5,
47163,0x014435b1e39945cf4f5f0c3cbb5833195a95cc9b,0x6f5ca79a6d4f5e2d075587ad990a6cb17f497ce7,6,4,
47164,0x014435b1e39945cf4f5f0c3cbb5833195a95cc9b,0x4f8809a942446f4015c3b0de36c65b859f65b77a,5,7,
47165,0x014435b1e39945cf4f5f0c3cbb5833195a95cc9b,0xd87c4b372935c1145b01ba76ba4bfa12760bab3e,5,6,
47166,0x014435b1e39945cf4f5f0c3cbb5833195a95cc9b,0xbd7f47e6695d1afab6728aa4df69466c9d183dfe,3,9,
47167,0x014435b1e39945cf4f5f0c3cbb5833195a95cc9b,0x6c85fa45b837760eb5945ed195395add44a001c9,3,8,
47168,0x014435b1e39945cf4f5f0c3cbb5833195a95cc9b,0x5778d5ab2d03edb4156f42cb17c29beacb8d69b4,3,10,
48496,0x014dcec5d0a124ed7de2ca305cd7157502806c93,0xfaba6f8e4a5e8ab82f62fe7c39859fa577269be3,85,1,
51646,0x016606acc6b0cfe537acc221e3bf1bb44b4049ee,0xdac17f958d2ee523a2206206994597c13d831ec7,1412,1,Tether (USDT)
51647,0x016606acc6b0cfe537acc221e3bf1bb44b4049ee,0xa0b86991c6218b36c1d19d4a2e9eb0ce3606eb48,372,2,USD Coin (USDC)
51648,0x016606acc6b0cfe537acc221e3bf1bb44b4049ee,0xf411903cbc70a74d22900a5de66a2dda66507255,197,3,
51649,0x016606acc6b0cfe537acc221e3bf1bb44b4049ee,0x514910771af9ca656af840dff83e8264ecf986ca,40,4,
51650,0x016606acc6b0cfe537acc221e3bf1bb44b4049ee,0x6b175474e89094c44da98b954eedeac495271d0f,38,5,
51651,0x016606acc6b0cfe537acc221e3bf1bb44b4049ee,0x6982508145454ce325ddbe47a25d4ec3d2311933,25,6,
51652,0x016606acc6b0cfe537acc221e3bf1bb44b4049ee,0x7d1afa7b718fb893db30a3abc0cfc608aacfebb0,21,7,
51653,0x016606acc6b0cfe537acc221e3bf1bb44b4049ee,0x2af5d2ad76741191d15dfe7bf6ac92d4bd912ca3,14,8,
51654,0x016606acc6b0cfe537acc221e3bf1bb44b4049ee,0xb50721bcf8d664c30412cfbc6cf7a15145234ad1,11,10,
51655,0x016606acc6b0cfe537acc221e3bf1bb44b4049ee,0x8e870d67f660d95d5be530380d0ec0bd388289e1,11,9,
52248,0x016a88b7678abeecc7f9ad67ed33231e331d1358,0x253553366da8546fc250f225fe3d25d0c782303b,2,1,
52249,0x016a88b7678abeecc7f9ad67ed33231e331d1358,0x8457ca5040ad67fdebbcc8edce889a335bc0fbfb,1,4,
52250,0x016a88b7678abeecc7f9ad67ed33231e331d1358,0xd3f52ad671d38663fb813a26c4b42c75ea6ec34e,1,3,
52251,0x016a88b7678abeecc7f9ad67ed33231e331d1358,0x0000000000000068f116a894984e2db1123eb395,1,2,
68619,0x01e6a33751257181b49cfebc6a4cf4495aa58871,0x2260fac5e5542a773aa44fbcfedf7c193bc2c599,17,1,
68620,0x01e6a33751257181b49cfebc6a4cf4495aa58871,0x0763fdccf1ae541a5961815c0872a8c5bc6de4d7,2,3,
68621,0x01e6a33751257181b49cfebc6a4cf4495aa58871,0xdac17f958d2ee523a2206206994597c13d831ec7,2,2,Tether (USDT)
68622,0x01e6a33751257181b49cfebc6a4cf4495aa58871,0x55296f69f40ea6d20e478533c15a6b08b654e758,1,4,
68623,0x01e6a33751257181b49cfebc6a4cf4495aa58871,0x8fc8f8269ebca376d046ce292dc7eac40c8d358a,1,6,
68624,0x01e6a33751257181b49cfebc6a4cf4495aa58871,0xfaba6f8e4a5e8ab82f62fe7c39859fa577269be3,1,10,
68625,0x01e6a33751257181b49cfebc6a4cf4495aa58871,0x3506424f91fd33084466f402d5d97f05f8e3b4af,1,9,
68626,0x01e6a33751257181b49cfebc6a4cf4495aa58871,0x29d7139271398d0c2e22523fda06e023dcb07f8f,1,5,
68627,0x01e6a33751257181b49cfebc6a4cf4495aa58871,0x7420b4b9a0110cdc71fb720908340c03f9bc03ec,1,7,
68628,0x01e6a33751257181b49cfebc6a4cf4495aa58871,0x38e382f74dfb84608f3c1f10187f6bef5951de93,1,8,
69977,0x01f19e970a1253230b23c7657b4799ef22a6b62f,0x3fc91a3afd70395cd496c647d5a6cc9d4b2b7fad,2,1,Uniswap Router
69978,0x01f19e970a1253230b23c7657b4799ef22a6b62f,0x15b7f9943530a09e642a726791ac07ba32fef29f,1,2,
70702,0x01f78f128f09034744d2847cc8d5939719285527,0xf047ab4c75cebf0eb9ed34ae2c186f3611aeafa6,4,1,
70703,0x01f78f128f09034744d2847cc8d5939719285527,0x4d831e22f062b5327dfdb15f0b6a5df20e2e3dd0,3,2,
70704,0x01f78f128f09034744d2847cc8d5939719285527,0x57e114b691db790c35207b2e685d4a43181e6061,2,3,
70705,0x01f78f128f09034744d2847cc8d5939719285527,0x7122985656e38bdc0302db86685bb972b145bd3c,2,4,
70706,0x01f78f128f09034744d2847cc8d5939719285527,0xd9a442856c234a39a81a089c06451ebaa4306a72,2,5,
70707,0x01f78f128f09034744d2847cc8d5939719285527,0x39053d51b77dc0d36036fc1fcc8cb819df8ef37a,1,10,
70708,0x01f78f128f09034744d2847cc8d5939719285527,0x54e44dbb92dba848ace27f44c0cb4268981ef1cc,1,7,
70709,0x01f78f128f09034744d2847cc8d5939719285527,0x256fb830945141f7927785c06b65dabc3744213c,1,6,
70710,0x01f78f128f09034744d2847cc8d5939719285527,0xae3106bce6d895badcd79eb38417b37ee4887b1b,1,8,
70711,0x01f78f128f09034744d2847cc8d5939719285527,0x4736808151268507a40eb6ac92d67345e8301a74,1,9,
71267,0x01fb8797f169c5d37ad692318f17b6bafb26b062,0x514910771af9ca656af840dff83e8264ecf986ca,384,1,
72196,0x0202ed9ff0d505f9b064a610199a001cef9977bd,0xc36442b4a4522e871399cd717abdd847ab11fe88,52,1,
72197,0x0202ed9ff0d505f9b064a610199a001cef9977bd,0x3fc91a3afd70395cd496c647d5a6cc9d4b2b7fad,12,2,Uniswap Router
72198,0x0202ed9ff0d505f9b064a610199a001cef9977bd,0xe43ca1dee3f0fc1e2df73a0745674545f11a59f5,12,3,
72199,0x0202ed9ff0d505f9b064a610199a001cef9977bd,0xc02aaa39b223fe8d0a0e5c4f27ead9083c756cc2,10,4,Wrapped Ether (WETH)
72200,0x0202ed9ff0d505f9b064a610199a001cef9977bd,0x86355f02119bdbc28ed6a4d5e0ca327ca7730fff,6,5,
72201,0x0202ed9ff0d505f9b064a610199a001cef9977bd,0x3ee18b2214aff97000d974cf647e7c347e8fa585,2,6,
72202,0x0202ed9ff0d505f9b064a610199a001cef9977bd,0xd555498a524612c67f286df0e0a9a64a73a7cdc7,2,7,
72203,0x0202ed9ff0d505f9b064a610199a001cef9977bd,0xa0b86991c6218b36c1d19d4a2e9eb0ce3606eb48,1,10,USD Coin (USDC)
72204,0x0202ed9ff0d505f9b064a610199a001cef9977bd,0x4ddc2d193948926d02f9b1fe9e1daa0718270ed5,1,9,
72205,0x0202ed9ff0d505f9b064a610199a001cef9977bd,0xce4cf5dca6aee3b48b28a846b6253533e6790129,1,8,
73130,0x02096195b7711e7248f76648efa74285badd95fc,0x1111111254fb6c44bac0bed2854e76f90643097d,1,2,
73131,0x02096195b7711e7248f76648efa74285badd95fc,0x95ad61b0a150d79219dcf64e1e6cc01f0b64c4ce,1,1,
74717,0x0214ae5fd178986fa18ff792e0b995dc6a78cd56,0x40a50cf069e992aa4536211b23f286ef88752187,413,1,
80605,0x02432546c23e8c39993208a4e2827f443b3f7206,0x2e175f748976cd5cdb98f12d1abc5d137d6c9379,3,1,
80606,0x02432546c23e8c39993208a4e2827f443b3f7206,0x0000000000a39bb272e79075ade125fd351887ac,2,2,
80607,0x02432546c23e8c39993208a4e2827f443b3f7206,0xb2ecfe4e4d61f8790bbb9de2d1259b9e2410cea5,2,4,
80608,0x02432546c23e8c39993208a4e2827f443b3f7206,0xdac17f958d2ee523a2206206994597c13d831ec7,2,5,Tether (USDT)
80609,0x02432546c23e8c39993208a4e2827f443b3f7206,0x72ce9c846789fdb6fc1f34ac4ad25dd9ef7031ef,2,6,
80610,0x02432546c23e8c39993208a4e2827f443b3f7206,0xdef1c0ded9bec7f1a1670819833240f027b25eff,2,3,0x Exchange Proxy
80611,0x02432546c23e8c39993208a4e2827f443b3f7206,0x49048044d57e1c92a77f79988d21fa8faf74e97e,1,10,
80612,0x02432546c23e8c39993208a4e2827f443b3f7206,0x26bbea7803dcac346d5f5f135b57cf2c752a02be,1,7,
80613,0x02432546c23e8c39993208a4e2827f443b3f7206,0xe166a1fc32647ba4ec271b753cc56b5f0870d232,1,8,
80614,0x02432546c23e8c39993208a4e2827f443b3f7206,0xfc29813beeb3c7395c7a5f8dfc3352491d5ea0e2,1,9,
89396,0x02864be954583456c866130f845595ed70f955b2,0xdef1c0ded9bec7f1a1670819833240f027b25eff,2,1,0x Exchange Proxy
89397,0x02864be954583456c866130f845595ed70f955b2,0x4d224452801aced8b2f0aebe155379bb5d594381,1,2,
89398,0x02864be954583456c866130f845595ed70f955b2,0x1111111254eeb25477b68fb85ed929f73a960582,1,3,1inch Aggregation Router v3
90274,0x028d39a0564de3d197d7b5ba378a69282fe9e4f3,0xf3de3c0d654fda23dad170f0f320a92172509127,2,1,Unknown Contract #7
90275,0x028d39a0564de3d197d7b5ba378a69282fe9e4f3,0x6774bcbd5cecef1336b5300fb5186a12ddd8b367,1,3,OpenSea Seaport
90276,0x028d39a0564de3d197d7b5ba378a69282fe9e4f3,0x49048044d57e1c92a77f79988d21fa8faf74e97e,1,2,
92694,0x029f159b23828ca769f3431463383a36525ed120,0x64545160d28fd0e309277c02d6d73b3923cc4bfa,193,1,Unknown Contract #5
94902,0x02af3bd247e598af852c125e67a5010c2eae4fee,0xdac17f958d2ee523a2206206994597c13d831ec7,188,1,Tether (USDT)
94903,0x02af3bd247e598af852c125e67a5010c2eae4fee,0xaea3edd9e645e293304cd94b4749891cc5c76973,19,2,
94904,0x02af3bd247e598af852c125e67a5010c2eae4fee,0x03d33f4811967adbbfff2110b9a7633aeb51b9ff,1,3,
